{"version":2,"languages":{"bun":{"specfileHash":"32991b75897b14c8d4497db3c914be2b","lockfileHash":"932c1296cce123aa682ae00c18ba1262","guessedImports":["@replit/vite-plugin-shadcn-theme-json","tailwindcss","@tailwindcss/typography","vite","@vitejs/plugin-react","@replit/vite-plugin-runtime-error-modal","drizzle-kit","tailwindcss-animate"],"guessedImportsHash":"36ddde7162d77428665ff0a9fbe22ced"},"nodejs-npm":{"specfileHash":"40e7948086b04f6d8b1f3e5248cd68fd","lockfileHash":"3bf1eada2bdd5dd90af809068f560839"},"python3-uv":{"specfileHash":"d8e35d343473590e43ac09f1fdd4a748","lockfileHash":"d1b81f843a4f6f53f0e6bcd61cbe2616"}}}
